{"metadata":{"asset_id":"053f30c9-aaa5-4e86-8911-7715057990d6","asset_attributes":["data_asset"],"name":"german_credit_data_refined.csv","asset_type":"data_asset","created_at":"2022-02-10T09:40:24Z","description":"","origin_country":"us","owner_id":"IBMid-661001OAKZ","project_id":"a385c091-868f-44f9-9253-55c72e294b84","size":694621,"tags":[],"usage":{"last_update_time":1644486025528,"last_updated_at":"2022-02-10T09:40:25Z"}},"entity":{"data_asset":{"mime_type":"text/csv","dataset":false}},"attachments":[{"id":"8b2b5233-2e6e-437e-8fa9-dcdd3a788d3b","version":2,"asset_type":"data_asset","name":"german_credit_data_refined.csv","mime":"text/csv","datasource_type":"193a97c1-4475-4a19-b90c-295c4fdc6517","object_key":"german_credit_data_refined.csv","creator_id":"iam-ServiceId-f49c5558-c247-4983-a04f-7d3c7a3d55da","create_time":1644486025394,"size":694621,"is_remote":false,"is_managed":false,"is_referenced":true,"is_object_key_read_only":false,"is_user_provided_path_key":true,"transfer_complete":true,"is_partitioned":false,"complete_time_ticks":1644486025394,"user_data":{},"test_doc":0,"handle":{"bucket":"bankloan-donotdelete-pr-rdf9g1nwatuxqg","location":"us-geo","key":"german_credit_data_refined.csv","upload_id":"done","max_part_num":1},"usage":{"access_count":0,"last_accessor_id":"iam-ServiceId-f49c5558-c247-4983-a04f-7d3c7a3d55da","last_access_time":1644486025394}}]}
