{"metadata":{"asset_id":"dc9faf67-d9a4-4152-a211-056c21f2461f","asset_attributes":["wml_model","modelfacts_system","modelfacts_user"],"name":"bankLoanRisk","asset_type":"wml_model","created_at":"2022-04-05T05:19:34Z","description":"","origin_country":"us","owner_id":"IBMid-661001OAKZ","project_id":"a385c091-868f-44f9-9253-55c72e294b84","sandbox_id":"a385c091-868f-44f9-9253-55c72e294b84","size":236381,"tags":[],"usage":{"last_update_time":1649135987874,"last_updated_at":"2022-04-05T05:19:47Z"}},"entity":{"wml_model":{"data_asset_dependencies":["053f30c9-aaa5-4e86-8911-7715057990d6"],"hybrid_pipeline_software_specs":[{"base_id":"db6afe93-665f-5910-b117-d879897404d9","name":"autoai-kb_rt22.1-py3.9"}],"label_column":"RISK","pipeline":{"id":"d4207680-80f5-490e-9ba1-b9e38247dceb"},"metrics":[{"context":{"binary_classification":{"confusion_matrix":[{"fn":34,"fp":91,"tn":76,"tp":298,"true_class":"Risk"},{"fn":91,"fp":34,"tn":298,"tp":76,"true_class":"No Risk"}],"roc_curve":[{"fpr":[0,0.08383233532934131,0.16167664670658682,0.2994011976047904,0.3712574850299401,0.4550898203592814,0.562874251497006,0.7125748502994012,0.7844311377245509,0.8802395209580839,0.9520958083832335,1],"thresholds":[2,1,0.8999999761581421,0.800000011920929,0.699999988079071,0.6000000238418579,0.5,0.4000000059604645,0.30000001192092896,0.20000000298023224,0.10000000149011612,0],"tpr":[0,0.0030120481927710845,0.009036144578313253,0.03614457831325301,0.05120481927710843,0.10240963855421686,0.1566265060240964,0.2469879518072289,0.3795180722891566,0.5301204819277109,0.7078313253012049,1],"true_class":"Risk"},{"fpr":[0,0.2921686746987952,0.46987951807228917,0.6204819277108434,0.7530120481927711,0.8433734939759037,0.8975903614457831,0.9487951807228916,0.963855421686747,0.9909638554216867,0.9969879518072289,1],"thresholds":[2,1,0.8999999761581421,0.800000011920929,0.699999988079071,0.6000000238418579,0.5,0.4000000059604645,0.30000001192092896,0.20000000298023224,0.10000000149011612,0],"tpr":[0,0.04790419161676647,0.11976047904191617,0.2155688622754491,0.2874251497005988,0.437125748502994,0.5449101796407185,0.6287425149700598,0.7005988023952096,0.8383233532934131,0.9161676646706587,1],"true_class":"No Risk"}]},"classes":["Risk","No Risk"],"features_importance":[{"computation_type":"","features":{"NewFeature_2_nxor(LOANAMOUNT___LOANDURATION___)":0.34,"NewFeature_10_pca_11":0.37,"NewFeature_17_pca_23":0.47,"HOUSING":0.11,"NewFeature_3_nxor(LOANAMOUNT___AGE___)":0.27,"NewFeature_14_pca_17":0.38,"NewFeature_9_pca_7":0.48,"NewFeature_0_nxor(LOANDURATION___LOANAMOUNT___)":0.33,"INSTALLMENTPERCENT":0.46,"EMPLOYMENTDURATION":0.24,"LOANPURPOSE":0.15,"FOREIGNWORKER":0,"OTHERSONLOAN":0.12,"EXISTINGSAVINGS":0.25,"NewFeature_16_pca_19":0.39,"CREDITHISTORY":0.22,"JOB":0.06,"LOANAMOUNT":0.24,"NewFeature_18_pca_24":0.34,"OWNSPROPERTY":0.26,"NewFeature_8_pca_4":0.36,"NewFeature_7_pca_2":0.91,"NewFeature_13_pca_16":0.46,"NewFeature_11_pca_12":0.46,"INSTALLMENTPLANS":0.09,"CHECKINGSTATUS":0.28,"NewFeature_6_pca_0":0.31,"CURRENTRESIDENCEDURATION":0.21,"TELEPHONE":0.04,"SEX":0.07,"NewFeature_1_nxor(LOANDURATION___AGE___)":0.36,"AGE":1,"NewFeature_19_pca_25":0.35,"LOANDURATION":0.66,"NewFeature_4_nxor(AGE___LOANDURATION___)":0.29,"EXISTINGCREDITSCOUNT":0.34,"NewFeature_12_pca_15":0.38,"NewFeature_5_nxor(AGE___LOANAMOUNT___)":0.33,"DEPENDENTS":0.03,"NewFeature_15_pca_18":0.58},"stage":"Mean"}],"intermediate_model":{"composition_steps":["Split_TrainingHoldout","TrainingDataset_full_4483_20","Text_FE","TrainingDataset_full_4483_20","Preprocessor_default","DAUB","hpo_d","cognito","hpo_c"],"duration":40317,"location":{"model":"auto_ml/c18ae2bd-f470-4110-99a0-d13e43bb5237/wml_data/38445658-ef20-4229-b39e-e22b553fa450/data/automl/hpo_c_output/Pipeline5/model.pickle","pipeline":"auto_ml/c18ae2bd-f470-4110-99a0-d13e43bb5237/wml_data/38445658-ef20-4229-b39e-e22b553fa450/data/automl/hpo_c_output/Pipeline5/pipeline.json","pipeline_model":"auto_ml/c18ae2bd-f470-4110-99a0-d13e43bb5237/wml_data/38445658-ef20-4229-b39e-e22b553fa450/data/automl/hpo_c_output/Pipeline5/pipeline-model.json"},"name":"P8","notebook_location":"auto_ml/c18ae2bd-f470-4110-99a0-d13e43bb5237/wml_data/38445658-ef20-4229-b39e-e22b553fa450/data/automl/hpo_c_output/Pipeline5/notebook.ipynb","pipeline_nodes":["PreprocessingTransformer","autoai_libs.cognito.transforms.transform_utils.nxor","autoai_libs.cognito.transforms.transform_utils.FS1","autoai_libs.cognito.transforms.transform_utils.pca","autoai_libs.cognito.transforms.transform_utils.FS1","RandomForestClassifier"],"process":"hpo_c_output","schema_location":"auto_ml/c18ae2bd-f470-4110-99a0-d13e43bb5237/wml_data/38445658-ef20-4229-b39e-e22b553fa450/data/automl/hpo_c_output/Pipeline5/schema.json"},"phase":"hpo_c_output","target_column":"RISK"},"ml_metrics":{"training_roc_auc":0.8185191054317912,"holdout_average_precision":0.5287134271199327,"holdout_neg_log_loss":-1.06924355482241,"training_accuracy":0.7706870589007835,"holdout_roc_auc":0.2089225164129572,"training_balanced_accuracy":0.7345224327009023,"training_f1":0.8303827869003965,"holdout_precision":0.7660668380462725,"training_average_precision":0.7934822924155683,"training_neg_log_loss":-0.932012355022418,"holdout_recall":0.8975903614457831,"training_precision":0.8174919590228011,"holdout_accuracy":0.749498997995992,"holdout_balanced_accuracy":0.6763400909025322,"training_recall":0.8442943663998087,"holdout_f1":0.8266296809986131},"timestamp":"2022-04-05T04:40:26.000Z"}],"ml_version":"4.0.15","type":"wml-hybrid_0.1","schemas":{"input":[{"fields":[{"name":"CHECKINGSTATUS","type":"other"},{"name":"LOANDURATION","type":"integer"},{"name":"CREDITHISTORY","type":"other"},{"name":"LOANPURPOSE","type":"other"},{"name":"LOANAMOUNT","type":"integer"},{"name":"EXISTINGSAVINGS","type":"other"},{"name":"EMPLOYMENTDURATION","type":"other"},{"name":"INSTALLMENTPERCENT","type":"integer"},{"name":"SEX","type":"other"},{"name":"OTHERSONLOAN","type":"other"},{"name":"CURRENTRESIDENCEDURATION","type":"integer"},{"name":"OWNSPROPERTY","type":"other"},{"name":"AGE","type":"integer"},{"name":"INSTALLMENTPLANS","type":"other"},{"name":"HOUSING","type":"other"},{"name":"EXISTINGCREDITSCOUNT","type":"integer"},{"name":"JOB","type":"other"},{"name":"DEPENDENTS","type":"integer"},{"name":"TELEPHONE","type":"other"},{"name":"FOREIGNWORKER","type":"other"}],"id":"auto_ai_kb_input_schema"}],"output":[]},"content_location":{"connection":{},"contents":[{"content_format":"pipeline-node","file_name":"P8_automl.zip","location":"auto_ml/c18ae2bd-f470-4110-99a0-d13e43bb5237/wml_data/38445658-ef20-4229-b39e-e22b553fa450/assets/38445658-ef20-4229-b39e-e22b553fa450_P8_hpo_c_output/resources/wml_model/P8_automl.zip","pipeline_node_id":"automl"},{"content_format":"native","file_name":"pipeline_model.json","location":"auto_ml/c18ae2bd-f470-4110-99a0-d13e43bb5237/wml_data/38445658-ef20-4229-b39e-e22b553fa450/assets/38445658-ef20-4229-b39e-e22b553fa450_P8_hpo_c_output/resources/wml_model/pipeline_model.json"}],"location":{"path":"auto_ml/c18ae2bd-f470-4110-99a0-d13e43bb5237/wml_data","notebooks_path":"auto_ml/c18ae2bd-f470-4110-99a0-d13e43bb5237/wml_data/38445658-ef20-4229-b39e-e22b553fa450/notebooks","training":"auto_ml/c18ae2bd-f470-4110-99a0-d13e43bb5237/wml_data/38445658-ef20-4229-b39e-e22b553fa450","training_status":"auto_ml/c18ae2bd-f470-4110-99a0-d13e43bb5237/wml_data/38445658-ef20-4229-b39e-e22b553fa450/training-status.json","assets_path":"auto_ml/c18ae2bd-f470-4110-99a0-d13e43bb5237/wml_data/38445658-ef20-4229-b39e-e22b553fa450/assets"},"type":"container"},"training_data_references":[{"connection":{},"id":"german_credit_data_refined.csv","location":{"href":"/v2/assets/053f30c9-aaa5-4e86-8911-7715057990d6?project_id=a385c091-868f-44f9-9253-55c72e294b84","id":"053f30c9-aaa5-4e86-8911-7715057990d6","userfs":"false"},"schema":{"fields":[{"name":"CHECKINGSTATUS","type":"other"},{"name":"LOANDURATION","type":"integer"},{"name":"CREDITHISTORY","type":"other"},{"name":"LOANPURPOSE","type":"other"},{"name":"LOANAMOUNT","type":"integer"},{"name":"EXISTINGSAVINGS","type":"other"},{"name":"EMPLOYMENTDURATION","type":"other"},{"name":"INSTALLMENTPERCENT","type":"integer"},{"name":"SEX","type":"other"},{"name":"OTHERSONLOAN","type":"other"},{"name":"CURRENTRESIDENCEDURATION","type":"integer"},{"name":"OWNSPROPERTY","type":"other"},{"name":"AGE","type":"integer"},{"name":"INSTALLMENTPLANS","type":"other"},{"name":"HOUSING","type":"other"},{"name":"EXISTINGCREDITSCOUNT","type":"integer"},{"name":"JOB","type":"other"},{"name":"DEPENDENTS","type":"integer"},{"name":"TELEPHONE","type":"other"},{"name":"FOREIGNWORKER","type":"other"},{"name":"RISK","type":"other"}],"id":"auto_ai_kb_input_schema"},"type":"data_asset"}],"software_spec":{"base_id":"8c1a58c6-62b5-4dc4-987a-df751c2756b6","name":"hybrid_0.1"},"content_import_state":"completed"},"modelfacts_system":{"model_information":{"model_type":"wml-hybrid_0.1","input_type":"","algorithm":"","prediction_type":"classification","software_spec":"hybrid_0.1","software_spec_id":"8c1a58c6-62b5-4dc4-987a-df751c2756b6"},"training_information":{"project_name":"bank-loan","training_data_references":[{"training_data":"german_credit_data_refined.csv","training_data_href":"/projects/a385c091-868f-44f9-9253-55c72e294b84/data-assets/053f30c9-aaa5-4e86-8911-7715057990d6/preview","source_type":"CSV","source":"","source_href":"","source_path":"","training_data_exists":true,"source_exists":true,"type":"Data asset"}],"hyper_parameters":"","hybrid_pipeline":[{"name":"autoai-kb_rt22.1-py3.9","id":"db6afe93-665f-5910-b117-d879897404d9"}],"features":20}},"modelfacts_user":{}},"attachments":[{"id":"f1f47e75-12ca-45f0-9e55-3ba817812c75","version":2,"asset_type":"wml_model","name":"P8_automl.zip","datasource_type":"193a97c1-4475-4a19-b90c-295c4fdc6517","creator_id":"IBMid-661001OAKZ","create_time":1649135976259,"size":234762,"is_remote":false,"is_managed":true,"is_referenced":false,"is_object_key_read_only":false,"is_user_provided_path_key":false,"transfer_complete":true,"is_partitioned":false,"complete_time_ticks":1649135980984,"user_data":{"content_format":"pipeline-node","pipeline_node_id":"automl"},"test_doc":0,"handle":{"bucket":"bankloan-donotdelete-pr-rdf9g1nwatuxqg","location":"us-geo","type":"bluemix_cos","key":"f2b17442-df41-4048-b9c3-dce09bd6e297/dc9faf67-d9a4-4152-a211-056c21f2461f/f1f47e75-12ca-45f0-9e55-3ba817812c75","upload_id":"done","max_part_num":1},"usage":{"access_count":0,"last_accessor_id":"IBMid-661001OAKZ","last_access_time":1649135976259}},{"id":"dd91d3fd-9c0a-4b19-90f0-ab3cb895f241","version":2,"asset_type":"wml_model","name":"pipeline_model.json","datasource_type":"193a97c1-4475-4a19-b90c-295c4fdc6517","creator_id":"IBMid-661001OAKZ","create_time":1649135982107,"size":1619,"is_remote":false,"is_managed":true,"is_referenced":false,"is_object_key_read_only":false,"is_user_provided_path_key":false,"transfer_complete":true,"is_partitioned":false,"complete_time_ticks":1649135985758,"user_data":{"content_format":"native"},"test_doc":0,"handle":{"bucket":"bankloan-donotdelete-pr-rdf9g1nwatuxqg","location":"us-geo","type":"bluemix_cos","key":"f2b17442-df41-4048-b9c3-dce09bd6e297/dc9faf67-d9a4-4152-a211-056c21f2461f/dd91d3fd-9c0a-4b19-90f0-ab3cb895f241","upload_id":"done","max_part_num":1},"usage":{"access_count":0,"last_accessor_id":"IBMid-661001OAKZ","last_access_time":1649135982107}}]}
