{"metadata":{"asset_id":"5926ba59-f764-45aa-8d06-a129a95d6ac1","asset_attributes":["wml_pipeline"],"name":"crop-pred","asset_type":"wml_pipeline","created_at":"2022-01-19T08:03:02Z","description":"","origin_country":"us","owner_id":"IBMid-5500022MY1","space_id":"c8126391-52bf-4a53-83b4-dc82094d6d4f","sandbox_id":"c8126391-52bf-4a53-83b4-dc82094d6d4f","size":0,"tags":["dsx-project.09c442d5-eee2-4f52-a362-52f892e93a28"],"usage":{"last_update_time":1642579382086,"last_updated_at":"2022-01-19T08:03:02Z"}},"entity":{"wml_pipeline":{"document":{"doc_type":"pipeline","pipelines":[{"id":"autoai","nodes":[{"id":"automl","op":"kube","parameters":{"output_logs":true,"input_file_separator":",","stage_flag":true,"optimization":{"compute_pipeline_notebooks_flag":true,"cv_num_folds":3,"daub_adaptive_subsampling_max_mem_usage":15000000000,"holdout_param":0.1,"label":"label","learning_type":"classification","max_num_daub_ensembles":2,"run_cognito_flag":true,"scorer_for_ranking":"accuracy"},"n_parallel_data_connections":4,"one_vs_all_file":true},"runtime_ref":"autoai","type":"execution_node"}],"runtime_ref":"hybrid"}],"primary_pipeline":"autoai","runtimes":[{"app_data":{"wml_data":{"hardware_spec":{"base_id":"a6c4923b-b8e4-444c-9f43-8a7ec3020110","name":"L"}}},"id":"autoai","name":"auto_ai.kb"}],"version":"2.0"},"ml_version":"4.0.0"}}}
