{"metadata":{"asset_id":"9f19ce82-f5f9-4220-879c-fce4b43f97ae","asset_attributes":["data_asset"],"name":"german_credit_data.csv","asset_type":"data_asset","created_at":"2022-01-28T07:11:35Z","description":"","origin_country":"us","owner_id":"IBMid-661001OAKZ","project_id":"711fcd3e-bf87-479c-bac4-c819aed26120","size":874633,"tags":[],"usage":{"last_update_time":1643353896570,"last_updated_at":"2022-01-28T07:11:36Z"}},"entity":{"data_asset":{"mime_type":"text/csv","dataset":false}},"attachments":[{"id":"842f0556-d11f-4d54-9a80-0b3ac71aaa2e","version":2,"asset_type":"data_asset","name":"german_credit_data.csv","mime":"text/csv","datasource_type":"193a97c1-4475-4a19-b90c-295c4fdc6517","object_key":"german_credit_data.csv","creator_id":"IBMid-661001OAKZ","create_time":1643353896569,"size":874633,"is_remote":false,"is_managed":false,"is_referenced":true,"is_object_key_read_only":true,"is_user_provided_path_key":true,"transfer_complete":true,"is_partitioned":false,"complete_time_ticks":1643353896569,"user_data":{},"test_doc":0,"handle":{"bucket":"jupytersupportproject-donotdelete-pr-hxtnsjm6zh5ysm","location":"us-geo","key":"german_credit_data.csv","upload_id":"done","max_part_num":1},"usage":{"access_count":0,"last_accessor_id":"IBMid-661001OAKZ","last_access_time":1643353896569}}]}
