{"metadata":{"asset_id":"2bc86fa1-2b6f-4593-af1e-0a2b94bdc940","asset_attributes":["wml_model","modelfacts_system","modelfacts_user"],"name":"crop-pred - P3 Extra Trees Classifier","asset_type":"wml_model","created_at":"2022-04-04T06:39:21Z","description":"","origin_country":"us","owner_id":"IBMid-550003XE6E","project_id":"0f59a53a-43ef-46c5-8359-b93bbf2ec021","sandbox_id":"0f59a53a-43ef-46c5-8359-b93bbf2ec021","size":118143,"tags":[],"usage":{"last_update_time":1649054369860,"last_updated_at":"2022-04-04T06:39:29Z"}},"entity":{"wml_model":{"data_asset_dependencies":["c8cebbcf-feb9-4611-b2ed-d46eceeeb72e"],"hybrid_pipeline_software_specs":[{"base_id":"db6afe93-665f-5910-b117-d879897404d9","name":"autoai-kb_rt22.1-py3.9"}],"label_column":"label","pipeline":{"id":"6726c323-ba30-4051-88a3-d9646a16fbca"},"metrics":[{"context":{"classes":["apple","banana","blackgram","chickpea","coconut","coffee","cotton","grapes","jute","kidneybeans","lentil","maize","mango","mothbeans","mungbean","muskmelon","orange","papaya","pigeonpeas","pomegranate","rice","watermelon"],"features_importance":[{"computation_type":"","features":{"N":0.31,"temperature":0.11,"NewFeature_4_sqrt(humidity)":0.97,"NewFeature_1_sqrt(P)":0.56,"humidity":0.83,"NewFeature_5_sqrt(ph)":0,"ph":0.07,"NewFeature_6_sqrt(rainfall)":1,"NewFeature_3_sqrt(temperature)":0.29,"K":0.6,"NewFeature_2_sqrt(K)":0.75,"NewFeature_0_sqrt(N)":0.25,"rainfall":0.69,"P":0.53},"stage":"Mean"}],"intermediate_model":{"composition_steps":["Split_TrainingHoldout","TrainingDataset_full_1980_7","Text_FE","TrainingDataset_full_1980_7","Preprocessor_default","DAUB","hpo_d","cognito"],"duration":29329,"location":{"model":"auto_ml/5d5c0296-3548-49e0-92d2-2e695f4fc1eb/wml_data/2f789cd7-d341-4c02-97d2-cfd90ac9d29a/data/automl/cognito_output/Pipeline1/model.pickle","pipeline":"auto_ml/5d5c0296-3548-49e0-92d2-2e695f4fc1eb/wml_data/2f789cd7-d341-4c02-97d2-cfd90ac9d29a/data/automl/cognito_output/Pipeline1/pipeline.json","pipeline_model":"auto_ml/5d5c0296-3548-49e0-92d2-2e695f4fc1eb/wml_data/2f789cd7-d341-4c02-97d2-cfd90ac9d29a/data/automl/cognito_output/Pipeline1/pipeline-model.json"},"name":"P3","notebook_location":"auto_ml/5d5c0296-3548-49e0-92d2-2e695f4fc1eb/wml_data/2f789cd7-d341-4c02-97d2-cfd90ac9d29a/data/automl/cognito_output/Pipeline1/notebook.ipynb","pipeline_nodes":["PreprocessingTransformer","autoai_libs.cognito.transforms.transform_utils.sqrt","autoai_libs.cognito.transforms.transform_utils.FS1","ExtraTreesClassifier"],"process":"cognito_output","schema_location":"auto_ml/5d5c0296-3548-49e0-92d2-2e695f4fc1eb/wml_data/2f789cd7-d341-4c02-97d2-cfd90ac9d29a/data/automl/cognito_output/Pipeline1/schema.json"},"multi_class_classification":{"one_vs_all_location":"auto_ml/5d5c0296-3548-49e0-92d2-2e695f4fc1eb/wml_data/2f789cd7-d341-4c02-97d2-cfd90ac9d29a/data/automl/cognito_output/Pipeline1/one_vs_all.json"},"phase":"cognito_output","target_column":"label"},"ml_metrics":{"training_precision_weighted":0.990289395227542,"holdout_f1_weighted":0.9908863066757805,"holdout_f1_macro":0.9908863066757803,"holdout_recall_micro":0.990909090909091,"training_precision_macro":0.990289395227542,"training_recall_micro":0.98989898989899,"training_precision_micro":0.98989898989899,"training_neg_log_loss":-0.09342959001760008,"holdout_recall_macro":0.9909090909090907,"holdout_neg_log_loss":-0.07903425663836447,"training_f1_macro":0.9898836530452039,"training_recall_weighted":0.98989898989899,"holdout_precision_macro":0.9917355371900828,"holdout_precision_weighted":0.9917355371900827,"holdout_recall_weighted":0.990909090909091,"holdout_accuracy":0.990909090909091,"holdout_f1_micro":0.990909090909091,"training_f1_micro":0.98989898989899,"holdout_precision_micro":0.990909090909091,"training_recall_macro":0.98989898989899,"training_accuracy":0.98989898989899,"training_f1_weighted":0.9898836530452036},"timestamp":"2022-04-04T06:29:27.000Z"}],"ml_version":"4.0.14","type":"wml-hybrid_0.1","schemas":{"input":[{"fields":[{"name":"N","type":"integer"},{"name":"P","type":"integer"},{"name":"K","type":"integer"},{"name":"temperature","type":"double"},{"name":"humidity","type":"double"},{"name":"ph","type":"double"},{"name":"rainfall","type":"double"}],"id":"auto_ai_kb_input_schema"}],"output":[]},"content_location":{"connection":{},"contents":[{"content_format":"pipeline-node","file_name":"P3_automl.zip","location":"auto_ml/5d5c0296-3548-49e0-92d2-2e695f4fc1eb/wml_data/2f789cd7-d341-4c02-97d2-cfd90ac9d29a/assets/2f789cd7-d341-4c02-97d2-cfd90ac9d29a_P3_cognito_output/resources/wml_model/P3_automl.zip","pipeline_node_id":"automl"},{"content_format":"native","file_name":"pipeline_model.json","location":"auto_ml/5d5c0296-3548-49e0-92d2-2e695f4fc1eb/wml_data/2f789cd7-d341-4c02-97d2-cfd90ac9d29a/assets/2f789cd7-d341-4c02-97d2-cfd90ac9d29a_P3_cognito_output/resources/wml_model/pipeline_model.json"}],"location":{"path":"auto_ml/5d5c0296-3548-49e0-92d2-2e695f4fc1eb/wml_data","notebooks_path":"auto_ml/5d5c0296-3548-49e0-92d2-2e695f4fc1eb/wml_data/2f789cd7-d341-4c02-97d2-cfd90ac9d29a/notebooks","training":"auto_ml/5d5c0296-3548-49e0-92d2-2e695f4fc1eb/wml_data/2f789cd7-d341-4c02-97d2-cfd90ac9d29a","training_status":"auto_ml/5d5c0296-3548-49e0-92d2-2e695f4fc1eb/wml_data/2f789cd7-d341-4c02-97d2-cfd90ac9d29a/training-status.json","assets_path":"auto_ml/5d5c0296-3548-49e0-92d2-2e695f4fc1eb/wml_data/2f789cd7-d341-4c02-97d2-cfd90ac9d29a/assets"},"type":"container"},"training_data_references":[{"connection":{},"id":"Crop_recommendation.csv","location":{"href":"/v2/assets/c8cebbcf-feb9-4611-b2ed-d46eceeeb72e?project_id=0f59a53a-43ef-46c5-8359-b93bbf2ec021","id":"c8cebbcf-feb9-4611-b2ed-d46eceeeb72e","userfs":"false"},"schema":{"fields":[{"name":"N","type":"integer"},{"name":"P","type":"integer"},{"name":"K","type":"integer"},{"name":"temperature","type":"double"},{"name":"humidity","type":"double"},{"name":"ph","type":"double"},{"name":"rainfall","type":"double"},{"name":"label","type":"other"}],"id":"auto_ai_kb_input_schema"},"type":"data_asset"}],"software_spec":{"base_id":"8c1a58c6-62b5-4dc4-987a-df751c2756b6","name":"hybrid_0.1"},"content_import_state":"completed"},"modelfacts_system":{"model_information":{"model_type":"wml-hybrid_0.1","input_type":"","algorithm":"","prediction_type":"classification","software_spec":"hybrid_0.1","software_spec_id":"8c1a58c6-62b5-4dc4-987a-df751c2756b6"},"training_information":{"project_name":"Crop Reccomendations","training_data_references":[{"training_data":"Crop_recommendation.csv","training_data_href":"/projects/0f59a53a-43ef-46c5-8359-b93bbf2ec021/data-assets/c8cebbcf-feb9-4611-b2ed-d46eceeeb72e/preview","source_type":"CSV","source":"","source_href":"","source_path":"","training_data_exists":true,"source_exists":true,"type":"Data asset"}],"hyper_parameters":"","hybrid_pipeline":[{"name":"autoai-kb_rt22.1-py3.9","id":"db6afe93-665f-5910-b117-d879897404d9"}],"features":7}},"modelfacts_user":{},"location_definition":{"physical_location_code":"DAL","physical_location_code_assigned_by":"IBMid-550003XE6E","physical_location_code_rds_id":"c57cb90f-2126-3800-9c9f-9eab82021cdf","physical_location_code_rds_version":"test_version_noop","physical_location_code_assignment_method":"INFERRED","physical_location_code_added_on":"1649052316416"}},"attachments":[{"id":"1b0371de-01e4-4e08-92e3-758b6f20f36f","version":2,"asset_type":"wml_model","name":"P3_automl.zip","datasource_type":"193a97c1-4475-4a19-b90c-295c4fdc6517","creator_id":"IBMid-550003XE6E","create_time":1649054363166,"size":116560,"is_remote":false,"is_managed":true,"is_referenced":false,"is_object_key_read_only":false,"is_user_provided_path_key":false,"transfer_complete":true,"is_partitioned":false,"complete_time_ticks":1649054365951,"user_data":{"content_format":"pipeline-node","pipeline_node_id":"automl"},"test_doc":0,"handle":{"bucket":"cropreccomendations-donotdelete-pr-gkiraux1bqlf61","location":"us-geo","type":"bluemix_cos","key":"4b2e49ab-19b0-4ef7-a86d-5983a5725679/2bc86fa1-2b6f-4593-af1e-0a2b94bdc940/1b0371de-01e4-4e08-92e3-758b6f20f36f","upload_id":"done","max_part_num":1},"usage":{"access_count":0,"last_accessor_id":"IBMid-550003XE6E","last_access_time":1649054363166}},{"id":"18e58d1d-02bf-4b2a-84da-aea5c43e3343","version":2,"asset_type":"wml_model","name":"pipeline_model.json","datasource_type":"193a97c1-4475-4a19-b90c-295c4fdc6517","creator_id":"IBMid-550003XE6E","create_time":1649054366916,"size":1583,"is_remote":false,"is_managed":true,"is_referenced":false,"is_object_key_read_only":false,"is_user_provided_path_key":false,"transfer_complete":true,"is_partitioned":false,"complete_time_ticks":1649054369229,"user_data":{"content_format":"native"},"test_doc":0,"handle":{"bucket":"cropreccomendations-donotdelete-pr-gkiraux1bqlf61","location":"us-geo","type":"bluemix_cos","key":"4b2e49ab-19b0-4ef7-a86d-5983a5725679/2bc86fa1-2b6f-4593-af1e-0a2b94bdc940/18e58d1d-02bf-4b2a-84da-aea5c43e3343","upload_id":"done","max_part_num":1},"usage":{"access_count":0,"last_accessor_id":"IBMid-550003XE6E","last_access_time":1649054366916}}]}
