{"description":"Business intelligence report query","fields":[],"external_asset_preview":{},"relationships":[],"properties":{"bi_server":{"type":"string","description":"Name of the business intelligence tool server information","readonly":true,"label":{"default":"Server information","en":"Server information"}},"lineage_link":{"type":"string","description":"Visually explore lineage information","readonly":true,"label":{"default":"Lineage link","en":"Lineage link"}}},"localized_metadata_attributes":{"name":{"default":"Report query","en":"Report query"}},"global_search_searchable":[],"attribute_only":false,"name":"ibm_bi_report_query","version":1,"scope":"GLOBAL"}
