{"description":"The modelfacts system asset type.","fields":[{"key":"modelentry_information.lmid","type":"string","facet":false,"is_array":false,"search_path":"modelentry_information.lmid","is_searchable_across_types":false}],"external_asset_preview":{},"relationships":[],"properties":{"space_details":{"type":"object","description":"deployment space details","is_array":false,"required":false,"hidden":true,"readonly":true,"properties":{"space_id":{"type":"string","description":"deployment space id","placeholder":"deployment space id not available","is_array":false,"required":false,"hidden":true,"readonly":true},"space_type":{"type":"string","description":"deployment space type","placeholder":"deployment space type not available","is_array":false,"required":false,"hidden":true,"readonly":true,"default_value":"development"},"is_spacetype_openscale_value":{"type":"bool","description":"deployment space type is set by OpenScale","is_array":false,"required":false,"hidden":true,"readonly":true,"default_value":false}}},"deployment_details":{"type":"object","description":"deployment details","is_array":true,"required":false,"hidden":true,"readonly":true,"properties":{"id":{"type":"string","description":"deployment id","is_array":false,"required":false,"hidden":true,"readonly":true},"is_deleted":{"type":"bool","description":"is deployment deleted","is_array":false,"required":false,"hidden":true,"readonly":true,"default_value":false},"deployment_type":{"type":"string","description":"deployment type of the model","is_array":false,"required":false,"hidden":true,"readonly":true},"fairness":{"type":"object","description":"fairness details","is_array":false,"required":false,"hidden":true,"readonly":true,"properties":{"features":{"type":"object","description":"metrics details","is_array":true,"required":false,"hidden":true,"readonly":true,"properties":{"name":{"type":"string","description":"feature name","placeholder":"feature name not available","is_array":false,"required":false,"hidden":false,"readonly":true},"metrics":{"type":"object","description":"metrics","is_array":false,"required":false,"hidden":true,"readonly":true,"properties":{"fairness_score":{"type":"object","description":"fairness score","is_array":false,"required":false,"hidden":true,"readonly":true,"properties":{"value":{"type":"number","description":"value","placeholder":"value not available","is_array":false,"required":false,"hidden":true,"readonly":true},"lower_limit":{"type":"number","description":"lower limit","placeholder":"lower limit not available","is_array":false,"required":false,"hidden":true,"readonly":true},"name":{"type":"string","description":"name","placeholder":"name not available","is_array":false,"required":false,"hidden":true,"readonly":true}}}}},"monitored_group":{"type":"object","description":"monitored group","is_array":true,"required":false,"hidden":true,"readonly":true,"properties":{"{user-defined-property}":{"description":"custom property","placeholder":"Put a value here","required":false,"hidden":true,"readonly":true}}},"reference_group":{"type":"object","description":"Reference group","is_array":true,"required":false,"hidden":true,"readonly":true,"properties":{"{user-defined-property}":{"description":"custom property","placeholder":"Put a value here","required":false,"hidden":true,"readonly":true}}},"individual_scores":{"type":"object","description":"individual scores","is_array":true,"required":false,"hidden":true,"readonly":true,"properties":{"group_name":{"type":"object","description":"group name","placeholder":"group name not available","is_array":true,"required":false,"hidden":true,"readonly":true,"properties":{"{user-defined-property}":{"description":"custom property","placeholder":"Put a value here","required":false,"hidden":true,"readonly":true}}},"value":{"type":"number","description":"value","placeholder":"value not available","is_array":false,"required":false,"hidden":true,"readonly":true}}},"href":{"type":"string","description":"feature href","placeholder":"feature href not available","is_array":true,"required":false,"hidden":true,"readonly":true}}},"summary":{"type":"object","description":"summary","is_array":false,"required":false,"hidden":true,"readonly":true,"properties":{"score":{"type":"number","description":"score","placeholder":"score not available","is_array":false,"required":false,"hidden":true,"readonly":true},"breach_status":{"type":"string","description":"breach status","placeholder":"breach status not available","is_array":false,"required":false,"hidden":true,"readonly":true}}},"records_evaluated":{"type":"integer","description":"records evaluated","placeholder":"records evaluated not available","is_array":false,"required":false,"hidden":true,"readonly":true}}},"drift":{"type":"object","description":"drift details","is_array":false,"required":false,"hidden":true,"readonly":true,"properties":{"metrics":{"type":"object","description":"metrics details","is_array":false,"required":false,"hidden":true,"readonly":true,"properties":{"data_drift_magnitude":{"type":"object","description":"data drift magnitude","is_array":false,"required":false,"hidden":true,"readonly":true,"properties":{"value":{"type":"number","description":"data drift magnitude value","placeholder":"value not available","is_array":false,"required":false,"hidden":true,"readonly":true,"label":{"default":"Drop in data consistency","en":"Drop in data consistency"}},"name":{"type":"string","description":"data drift magnitude name","placeholder":"name not available","is_array":false,"required":false,"hidden":true,"readonly":true}}},"drift_magnitude":{"type":"object","description":"drift magnitude","is_array":false,"required":false,"hidden":true,"readonly":true,"properties":{"upper_limit":{"type":"number","description":"drift magnitude upper limit","placeholder":"upper limit not available","is_array":false,"required":false,"hidden":true,"readonly":true},"value":{"type":"number","description":"drift magnitude value","placeholder":"value not available","is_array":false,"required":false,"hidden":true,"readonly":true,"label":{"default":"Drop in accuracy","en":"Drop in accuracy"}},"name":{"type":"string","description":"drift magnitude name","placeholder":"name not available","is_array":false,"required":false,"hidden":true,"readonly":true}}},"predicted_accuracy":{"type":"object","description":"predicted accuracy","is_array":false,"required":false,"hidden":true,"readonly":true,"properties":{"value":{"type":"number","description":"predicted accuracy value","placeholder":"value not available","is_array":false,"required":false,"hidden":true,"readonly":true,"label":{"default":"Estimated accuracy","en":"Estimated accuracy"}},"name":{"type":"string","description":"predicted accuracy name","placeholder":"name not available","is_array":false,"required":false,"hidden":true,"readonly":true}}},"base_accuracy":{"type":"object","description":"base accuracy","is_array":false,"required":false,"hidden":true,"readonly":true,"properties":{"value":{"type":"number","description":"base accuracy value","placeholder":"value not available","is_array":false,"required":false,"hidden":true,"readonly":true,"label":{"default":"Base accuracy","en":"Base accuracy"}},"name":{"type":"string","description":"base accuracy name","placeholder":"name not available","is_array":false,"required":false,"hidden":true,"readonly":true}}}}},"summary":{"type":"object","description":"summary","is_array":false,"required":false,"hidden":true,"readonly":true,"properties":{"score":{"type":"number","description":"score","placeholder":"score not available","is_array":false,"required":false,"hidden":true,"readonly":true},"breach_status":{"type":"string","description":"breach status","placeholder":"breach status not available","is_array":false,"required":false,"hidden":true,"readonly":true}}},"href":{"type":"string","description":"href to drift","placeholder":"href not available","is_array":false,"required":false,"hidden":true,"readonly":true},"records_evaluated":{"type":"integer","description":"records evaluated","placeholder":"record evaluated not available","is_array":false,"required":false,"hidden":true,"readonly":true,"label":{"default":"Test records","en":"Test records"}}}},"quality":{"type":"object","description":"quality details","is_array":false,"required":false,"hidden":true,"readonly":true,"properties":{"metrics":{"type":"object","description":"metrics details","is_array":true,"required":false,"hidden":true,"readonly":true,"properties":{"area_under_roc":{"type":"object","description":"area under roc","is_array":false,"required":false,"hidden":true,"readonly":true,"properties":{"lower_limit":{"type":"number","description":"area under roc lower limit","placeholder":"0.0","is_array":false,"required":false,"hidden":true,"readonly":true},"value":{"type":"number","description":"area under roc value","placeholder":"value not available","is_array":false,"required":false,"hidden":true,"readonly":true,"label":{"default":"Area Under ROC Curve","en":"Area Under ROC Curve"}},"name":{"type":"string","description":"area under roc name","placeholder":"name not available","is_array":false,"required":false,"hidden":true,"readonly":true}}},"area_under_pr":{"type":"object","description":"area under pr","is_array":false,"required":false,"hidden":true,"readonly":true,"properties":{"value":{"type":"number","description":"area under pr value","placeholder":"value not available","is_array":false,"required":false,"hidden":true,"readonly":true},"name":{"type":"string","description":"area under pr name","placeholder":"name not available","is_array":false,"required":false,"hidden":true,"readonly":true}}},"explained_variance":{"type":"object","description":"explained variance","is_array":false,"required":false,"hidden":true,"readonly":true,"properties":{"value":{"type":"number","description":"explained variance value","placeholder":"0.0","is_array":false,"required":false,"hidden":true,"readonly":true},"name":{"type":"string","description":"explained variance name","placeholder":"name not available","is_array":false,"required":false,"hidden":true,"readonly":true}}},"mean_absolute_error":{"type":"object","description":"mean absolute error","is_array":false,"required":false,"hidden":true,"readonly":true,"properties":{"value":{"type":"number","description":"mean absolute error value","placeholder":"0.0","is_array":false,"required":false,"hidden":true,"readonly":true},"name":{"type":"string","description":"mean absolute error string","placeholder":"name not available","is_array":false,"required":false,"hidden":true,"readonly":true}}},"mean_squared_error":{"type":"object","description":"mean squared error","is_array":false,"required":false,"hidden":true,"readonly":true,"properties":{"value":{"type":"number","description":"mean squared error value","placeholder":"0.0","is_array":false,"required":false,"hidden":true,"readonly":true},"name":{"type":"string","description":"mean squared error name","placeholder":"name not available","is_array":false,"required":false,"hidden":true,"readonly":true}}},"r2":{"type":"object","description":"R squared","is_array":false,"required":false,"hidden":true,"readonly":true,"properties":{"lower_limit":{"type":"number","description":"R squared lower limit","placeholder":"0.0","is_array":false,"required":false,"hidden":true,"readonly":true},"value":{"type":"number","description":"R squared value","placeholder":"value not available","is_array":false,"required":false,"hidden":true,"readonly":true},"name":{"type":"string","description":"R squared name","placeholder":"name not available","is_array":false,"required":false,"hidden":true,"readonly":true}}},"root_mean_squared_error":{"type":"object","description":"root mean squared error","is_array":false,"required":false,"hidden":true,"readonly":true,"properties":{"value":{"type":"number","description":"root mean squared error value","placeholder":"value not available","is_array":false,"required":false,"hidden":true,"readonly":true},"name":{"type":"string","description":"root mean squared error name","placeholder":"name not available","is_array":false,"required":false,"hidden":true,"readonly":true}}},"accuracy":{"type":"object","description":"accuracy","is_array":false,"required":false,"hidden":true,"readonly":true,"properties":{"lower_limit":{"type":"number","description":"accuracy lower limit","placeholder":"lower limit not available","is_array":false,"required":false,"hidden":true,"readonly":true},"value":{"type":"number","description":"accuracy value","placeholder":"value not available","is_array":false,"required":false,"hidden":true,"readonly":true,"label":{"default":"Accuracy","en":"Accuracy"}},"name":{"type":"string","description":"accuracy name","placeholder":"name not available","is_array":false,"required":false,"hidden":true,"readonly":true}}},"weighted_true_positive_rate":{"type":"object","description":"weighted true positive rate","is_array":false,"required":false,"hidden":true,"readonly":true,"properties":{"value":{"type":"number","description":"weighted true positive rate value","placeholder":"0.0","is_array":false,"required":false,"hidden":true,"readonly":true},"name":{"type":"string","description":"weighted true positive rate name","placeholder":"name not available","is_array":false,"required":false,"hidden":true,"readonly":true}}},"true_positive_rate":{"type":"object","description":"true positive rate","is_array":false,"required":false,"hidden":true,"readonly":true,"properties":{"value":{"type":"number","description":"true positive rate value","placeholder":"value not available","is_array":false,"required":false,"hidden":true,"readonly":true},"name":{"type":"string","description":"true positive rate name","placeholder":"name not available","is_array":false,"required":false,"hidden":true,"readonly":true}}},"weighted_false_positive_rate":{"type":"object","description":"weighted false positive rate","is_array":false,"required":false,"hidden":true,"readonly":true,"properties":{"value":{"type":"number","description":"weighted false positive rate value","placeholder":"0.0","is_array":false,"required":false,"hidden":true,"readonly":true},"name":{"type":"string","description":"weighted false positive rate name","placeholder":"name not available","is_array":false,"required":false,"hidden":true,"readonly":true}}},"false_positive_rate":{"type":"object","description":"false positive rate","is_array":false,"required":false,"hidden":true,"readonly":true,"properties":{"value":{"type":"number","description":"false positive rate value","placeholder":"value not available","is_array":false,"required":false,"hidden":true,"readonly":true},"name":{"type":"string","description":"false positive rate name","placeholder":"name not available","is_array":false,"required":false,"hidden":true,"readonly":true}}},"weighted_recall":{"type":"object","description":"weighted recall","is_array":false,"required":false,"hidden":true,"readonly":true,"properties":{"value":{"type":"number","description":"weighted recall value","placeholder":"value not available","is_array":false,"required":false,"hidden":true,"readonly":true},"name":{"type":"string","description":"weighted recall string","placeholder":"name not available","is_array":false,"required":false,"hidden":true,"readonly":true}}},"recall":{"type":"object","description":"recall","is_array":false,"required":false,"hidden":true,"readonly":true,"properties":{"value":{"type":"number","description":"recall value","placeholder":"value not available","is_array":false,"required":false,"hidden":true,"readonly":true,"label":{"default":"Recall","en":"Recall"}},"name":{"type":"string","description":"recall name","placeholder":"name not available","is_array":false,"required":false,"hidden":true,"readonly":true}}},"weighted_precision":{"type":"object","description":"weighted precision","is_array":false,"required":false,"hidden":true,"readonly":true,"properties":{"value":{"type":"number","description":"weighted precision value","placeholder":"value not available","is_array":false,"required":false,"hidden":true,"readonly":true},"name":{"type":"string","description":"weighted precision string","placeholder":"name not available","is_array":false,"required":false,"hidden":true,"readonly":true}}},"precision":{"type":"object","description":"precision","is_array":false,"required":false,"hidden":true,"readonly":true,"properties":{"value":{"type":"number","description":"precision value","placeholder":"value not available","is_array":false,"required":false,"hidden":true,"readonly":true,"label":{"default":"Precision","en":"Precision"}},"name":{"type":"string","description":"precision name","placeholder":"name not available","is_array":false,"required":false,"hidden":true,"readonly":true}}},"weighted_f_measure":{"type":"object","description":"weighted f measure","is_array":false,"required":false,"hidden":true,"readonly":true,"properties":{"value":{"type":"number","description":"weighted f measure value","placeholder":"value not available","is_array":false,"required":false,"hidden":true,"readonly":true},"name":{"type":"string","description":"weighted f measure string","placeholder":"name not available","is_array":false,"required":false,"hidden":true,"readonly":true}}},"f1_measure":{"type":"object","description":"f1 measure","is_array":false,"required":false,"hidden":true,"readonly":true,"properties":{"value":{"type":"number","description":"f1 measure value","placeholder":"value not available","is_array":false,"required":false,"hidden":true,"readonly":true,"label":{"default":"F1 measure","en":"F1 measure"}},"name":{"type":"string","description":"f1 measure name","placeholder":"name not available","is_array":false,"required":false,"hidden":true,"readonly":true}}},"log_loss":{"type":"object","description":"log loss","is_array":false,"required":false,"hidden":true,"readonly":true,"properties":{"value":{"type":"number","description":"log loss value","placeholder":"0.0","is_array":false,"required":false,"hidden":true,"readonly":true,"label":{"default":"Log loss","en":"Log loss"}},"name":{"type":"string","description":"log loss name","placeholder":"name not available","is_array":false,"required":false,"hidden":true,"readonly":true}}}}},"summary":{"type":"object","description":"summary","is_array":false,"required":false,"hidden":true,"readonly":true,"properties":{"score":{"type":"number","description":"score","placeholder":"score not available","is_array":false,"required":false,"hidden":true,"readonly":true},"breach_status":{"type":"string","description":"breach status","placeholder":"breach status not available","is_array":false,"required":false,"hidden":true,"readonly":true}}},"href":{"type":"string","description":"href to quality","placeholder":"href not available","is_array":false,"required":false,"hidden":true,"readonly":true},"records_evaluated":{"type":"integer","description":"records evaluated","placeholder":"records evaluated not available","is_array":false,"required":false,"hidden":true,"readonly":true,"label":{"default":"Test records","en":"Test records"}}}},"evaluation_details":{"type":"object","description":"Evaluation details","is_array":false,"required":false,"hidden":true,"readonly":true,"label":{"default":"Evaluation information","en":"Evaluation information"},"properties":{"evaluated_by":{"type":"string","description":"evaluated by","placeholder":"evaluated by not available","is_array":false,"required":false,"hidden":true,"readonly":true},"evaluation_date":{"type":"string","description":"evaluation date","placeholder":"evaluation date not available","is_array":false,"required":false,"hidden":true,"readonly":true,"label":{"default":"Last evaluation","en":"Last evaluation"}},"evaluation_id":{"type":"string","description":"evaluation id","placeholder":"evaluation id not available","is_array":false,"required":false,"hidden":true,"readonly":true},"openscale_instance_href":{"type":"string","description":"openscale instance href","placeholder":"href not available","is_array":false,"required":false,"hidden":true,"readonly":true,"label":{"default":"OpenScale instance","en":"OpenScale instance"}},"asset":{"type":"object","description":"asset information","is_array":false,"required":false,"hidden":true,"readonly":true,"properties":{"name":{"type":"string","description":"Data asset name","placeholder":"name not available","is_array":false,"required":false,"hidden":true,"readonly":true},"id":{"type":"string","description":"Data asset id","placeholder":"id not available","is_array":false,"required":false,"hidden":true,"readonly":true},"type":{"type":"string","description":"Data asset type","placeholder":"type not available","is_array":false,"required":false,"hidden":true,"readonly":true},"connection":{"type":"object","description":"Data asset connection details","is_array":false,"required":false,"hidden":true,"readonly":true,"properties":{"url":{"type":"string","description":"Data asset name","placeholder":"url not available","is_array":false,"required":false,"hidden":true,"readonly":true},"resource_instance_id":{"type":"string","description":"Data asset connection instance id","placeholder":"resource instance id not available","is_array":false,"required":false,"hidden":true,"readonly":true},"file_name":{"type":"string","description":"Data asset file name","placeholder":"file name not available","is_array":false,"required":false,"hidden":true,"readonly":true},"bucket":{"type":"string","description":"cos bucket information","placeholder":"bucket info not available","is_array":false,"required":false,"hidden":true,"readonly":true},"host":{"type":"string","description":"host information","placeholder":"host not available","is_array":false,"required":false,"hidden":true,"readonly":true},"port":{"type":"string","description":"port information","placeholder":"port not available","is_array":false,"required":false,"hidden":true,"readonly":true},"database":{"type":"string","description":"Database name","placeholder":"database not available","is_array":false,"required":false,"hidden":true,"readonly":true},"schema":{"type":"string","description":"schema name","placeholder":"schema not available","is_array":false,"required":false,"hidden":true,"readonly":true},"table":{"type":"string","description":"table name","placeholder":"table not available","is_array":false,"required":false,"hidden":true,"readonly":true}}}}}}},"openscale_details":{"type":"object","description":"OpenScale details","is_array":false,"required":false,"hidden":true,"readonly":true,"properties":{"service_instance_id":{"type":"string","description":"Service instance id","placeholder":"service instance id not available","is_array":false,"required":false,"hidden":true,"readonly":true},"subscription_id":{"type":"string","description":"Subscription id","placeholder":"subscription not available","is_array":false,"required":false,"hidden":true,"readonly":true},"service_provider":{"type":"object","description":"Service provider details","is_array":false,"required":false,"hidden":true,"readonly":true,"properties":{"id":{"type":"string","description":"service provider id","placeholder":"service provider id not available","is_array":false,"required":false,"hidden":true,"readonly":true},"type":{"type":"string","description":"service provider type","placeholder":"type not available","is_array":false,"required":false,"hidden":true,"readonly":true},"name":{"type":"string","description":"service provider name","placeholder":"service provider name not available","is_array":false,"required":false,"hidden":true,"readonly":true}}}}},"approval_status":{"type":"object","description":"Approval details","is_array":false,"required":false,"hidden":true,"readonly":true,"properties":{"state":{"type":"string","description":"state","placeholder":"state not available","is_array":false,"required":false,"hidden":true,"readonly":true},"reviewed_by":{"type":"string","description":"reviewed by","placeholder":"reviewed by not available","is_array":false,"required":false,"hidden":true,"readonly":true},"review_date":{"type":"string","description":"review date","placeholder":"review date not available","is_array":false,"required":false,"hidden":true,"readonly":true},"message":{"type":"string","description":"message","placeholder":"message not available","is_array":false,"required":false,"hidden":true,"readonly":true}}}}},"modelentry_information":{"type":"object","description":"Model entry information","is_array":false,"required":false,"hidden":true,"readonly":true,"label":{"default":"Model inventory","en":"Model inventory"},"properties":{"lmid":{"type":"string","description":"logical model id","placeholder":"lmid not available","is_array":false,"required":false,"hidden":true,"readonly":true}}},"model_information":{"type":"object","description":"Model information","is_array":false,"required":false,"hidden":true,"readonly":true,"label":{"default":"Model information","en":"Model information"},"properties":{"model_type":{"type":"string","description":"Model type","placeholder":"model type not available","is_array":false,"required":false,"hidden":true,"readonly":true,"label":{"default":"Model type","en":"Model type"}},"input_type":{"type":"string","description":"input type","placeholder":"input type not available","is_array":false,"required":false,"hidden":true,"readonly":true,"label":{"default":"Input type","en":"Input type"}},"algorithm":{"type":"string","description":"Algorithm used to train the model","placeholder":"algorithm not available","is_array":false,"required":false,"hidden":true,"readonly":true,"label":{"default":"Algorithm","en":"Algorithm"}},"prediction_type":{"type":"string","description":"prediction type of the model","placeholder":"prediction type not available","is_array":false,"required":false,"hidden":true,"readonly":true,"label":{"default":"Prediction type","en":"Prediction type"}},"software_spec":{"type":"string","description":"Software specification of the model","placeholder":"software spec not available","is_array":false,"required":false,"hidden":true,"readonly":true,"label":{"default":"Software specification","en":"Software specification"}},"software_spec_id":{"type":"string","description":"Software specification id of the model","placeholder":"software spec id not available","is_array":false,"required":false,"hidden":true,"readonly":true}}},"training_information":{"type":"object","description":"Training information","is_array":false,"required":false,"hidden":true,"readonly":true,"label":{"default":"Training information","en":"Training information"},"properties":{"project_name":{"type":"string","description":"project name where model is trained","placeholder":"project name not available","is_array":false,"required":false,"hidden":true,"readonly":true,"label":{"default":"Watson Studio project","en":"Watson Studio project"}},"training_data_references":{"type":"object","description":"Training data set","is_array":true,"required":false,"hidden":true,"readonly":true,"properties":{"type":{"type":"string","description":"type of training dataset","placeholder":"type not available","is_array":false,"required":false,"hidden":true,"readonly":true},"id":{"type":"string","description":"id of training dataset","placeholder":"id not available","is_array":false,"required":false,"hidden":true,"readonly":true},"connection":{"type":"object","description":"connection details of training dataset","is_array":false,"required":false,"hidden":true,"readonly":true,"properties":{"{connection_properties}":{}}},"location":{"type":"object","description":"location details of training dataset","is_array":false,"required":false,"hidden":true,"readonly":true,"properties":{"{location_properties}":{}}}}},"hyper_parameters":{"type":"string","description":"Hyper parameters","placeholder":"hyper parameters not available","is_array":false,"required":false,"hidden":true,"readonly":true,"label":{"default":"Hyperparameters","en":"Hyperparameters"}},"hybrid_pipeline":{"type":"string","description":"Hybrid pipeline details","is_array":true,"required":false,"hidden":true,"readonly":true,"properties":{"name":{"type":"string","description":"Hybrid Pipeline name","placeholder":"name not available","is_array":false,"required":false,"hidden":true,"readonly":true,"label":{"default":"Hybrid pipeline software specification","en":"Hybrid pipeline software specification"}},"id":{"type":"string","description":"Hybrid Pipeline id","placeholder":"id not available","is_array":false,"required":false,"hidden":true,"readonly":true}}},"features":{"type":"number","description":"Number of features","placeholder":"features not available","is_array":false,"required":false,"hidden":true,"readonly":true,"label":{"default":"Number of features","en":"Number of features"}}}},"model_identity_information":{"type":"object","description":"Information about which model are considered to be identical","is_array":false,"required":false,"hidden":true,"readonly":true,"properties":{"master_id":{"type":"string","description":"id identifying all models considered to be identical","placeholder":"master id not available","is_array":false,"required":false,"hidden":true,"readonly":true}}}},"global_search_searchable":[],"attribute_only":false,"name":"modelfacts_system","version":1,"scope":"SPACE"}
