{"entity":{"description":"","name":"proactivehealthDeployment","scope":{"bss_account_id":"a1bf29c46afb41c2aea9e78642e13f0d"},"stage":{"production":false},"status":{"state":"active"},"storage":{"type":"bmcos_object_storage"}},"metadata":{"created_at":"2022-03-21T11:55:10.258Z","creator_id":"IBMid-661001OAKZ","id":"e8534f2a-7fc1-4639-860e-25269f061c8f","updated_at":"2022-03-21T11:55:35.128Z","url":"/v2/spaces/e8534f2a-7fc1-4639-860e-25269f061c8f"},"is_encrypted":false,"deployment_source":"cloud","version":"1.0.19.cloud"}
