{"metadata":{"asset_id":"c5f0977f-9499-4767-a756-2ab67dfe7b1a","asset_attributes":["wml_model_definition"],"name":"Personal Loan Prediction model_wcj674Ua","asset_type":"wml_model_definition","created_at":"2022-01-18T13:07:41Z","description":"","origin_country":"us","owner_id":"IBMid-661001OAKZ","space_id":"cfb6600b-803b-4cdf-8730-bd5ce1c42a1a","sandbox_id":"cfb6600b-803b-4cdf-8730-bd5ce1c42a1a","size":6015,"tags":["generated_tag_b506a1be-473f-47ea-b263-985ba7e95906"],"usage":{"last_update_time":1642511263843,"last_updated_at":"2022-01-18T13:07:43Z"}},"entity":{"wml_model_definition":{"ml_version":"4.0.0","version":"1.0","platform":{"name":"python","versions":["3.6"]}}},"attachments":[{"id":"cf4ace70-f72b-498d-9c69-6075e791b16e","version":2,"asset_type":"wml_model_definition","name":"model_definition_attachment","datasource_type":"193a97c1-4475-4a19-b90c-295c4fdc6517","creator_id":"IBMid-661001OAKZ","create_time":1642511262317,"size":6015,"is_remote":false,"is_managed":true,"is_referenced":false,"is_object_key_read_only":false,"is_user_provided_path_key":false,"transfer_complete":true,"is_partitioned":false,"complete_time_ticks":1642511263842,"user_data":{},"test_doc":0,"handle":{"bucket":"2d02a2ac-84bb-4e01-ac70-8da5e0efb7d8","location":"us-south","type":"bluemix_cos","key":"a9b810fe-56a9-482c-909a-f63bca876adc/c5f0977f-9499-4767-a756-2ab67dfe7b1a/cf4ace70-f72b-498d-9c69-6075e791b16e","upload_id":"done","max_part_num":1},"usage":{"access_count":0,"last_accessor_id":"IBMid-661001OAKZ","last_access_time":1642511262317}}]}
