{"metadata":{"asset_id":"976131be-3507-47d0-8443-81175bcf9e7b","asset_attributes":["wml_pipeline"],"name":"Personal Loan Prediction model_arLCPmDG","asset_type":"wml_pipeline","created_at":"2022-01-18T13:07:44Z","description":"","origin_country":"us","owner_id":"IBMid-661001OAKZ","space_id":"cfb6600b-803b-4cdf-8730-bd5ce1c42a1a","sandbox_id":"cfb6600b-803b-4cdf-8730-bd5ce1c42a1a","size":0,"tags":[],"usage":{"last_update_time":1642511264388,"last_updated_at":"2022-01-18T13:07:44Z"}},"entity":{"wml_pipeline":{"document":{"doc_type":"pipeline","pipelines":[{"id":"dlaas_only","nodes":[{"id":"repository","inputs":[],"outputs":[],"parameters":{"model_definition":{"id":"c5f0977f-9499-4767-a756-2ab67dfe7b1a"}},"type":"model_node"}],"runtime_ref":"spark"}],"primary_pipeline":"dlaas_only","runtimes":[],"version":"2.0"},"model_definition_dependencies":["c5f0977f-9499-4767-a756-2ab67dfe7b1a"],"ml_version":"4.0.0"}}}
