{"metadata":{"asset_id":"68f13cb3-f8fa-4230-b389-b63b205865b9","asset_attributes":["data_asset"],"name":"german_credit_data_refined.csv","asset_type":"data_asset","created_at":"2022-01-28T13:46:06Z","description":"","origin_country":"us","owner_id":"IBMid-507P7QAPA8","project_id":"fa0637c0-dba7-40c7-a114-55fbe0b7d143","size":694621,"tags":[],"usage":{"last_update_time":1643377567838,"last_updated_at":"2022-01-28T13:46:07Z"}},"entity":{"data_asset":{"mime_type":"text/csv","dataset":false}},"attachments":[{"id":"10e28370-1d13-400f-9f51-3ae125e9296d","version":2,"asset_type":"data_asset","name":"german_credit_data_refined.csv","mime":"text/csv","datasource_type":"193a97c1-4475-4a19-b90c-295c4fdc6517","object_key":"german_credit_data_refined.csv","creator_id":"IBMid-507P7QAPA8","create_time":1643377567836,"size":694621,"is_remote":false,"is_managed":false,"is_referenced":true,"is_object_key_read_only":true,"is_user_provided_path_key":true,"transfer_complete":true,"is_partitioned":false,"complete_time_ticks":1643377567836,"user_data":{},"test_doc":0,"handle":{"bucket":"jupytersupport-donotdelete-pr-tucwblmw2zueag","location":"us-geo","key":"german_credit_data_refined.csv","upload_id":"done","max_part_num":1},"usage":{"access_count":0,"last_accessor_id":"IBMid-507P7QAPA8","last_access_time":1643377567836}}]}
