{"entity":{"description":"","name":"PersonalLoanPredictionModel","scope":{"bss_account_id":"a1bf29c46afb41c2aea9e78642e13f0d"},"stage":{"production":false},"status":{"state":"active"},"storage":{"type":"bmcos_object_storage"}},"metadata":{"created_at":"2022-01-18T12:08:07.249Z","creator_id":"IBMid-661001OAKZ","id":"cfb6600b-803b-4cdf-8730-bd5ce1c42a1a","updated_at":"2022-01-18T12:08:33.655Z","url":"/v2/spaces/cfb6600b-803b-4cdf-8730-bd5ce1c42a1a"},"is_encrypted":false,"deployment_source":"cloud","version":"1.0.19.cloud"}
