{"metadata":{"asset_id":"82ac4204-eb28-44b5-913b-0972be3056df","asset_attributes":["wml_model","modelfacts_system","modelfacts_user"],"name":"crop-pred - P7 Extra Trees Classifier","asset_type":"wml_model","created_at":"2022-01-17T04:38:49Z","description":"","origin_country":"us","owner_id":"IBMid-550003XE6E","project_id":"6b3945a9-91b4-4005-a058-4e301ae86ca8","sandbox_id":"6b3945a9-91b4-4005-a058-4e301ae86ca8","size":158868,"tags":[],"usage":{"last_update_time":1642394330800,"last_updated_at":"2022-01-17T04:38:50Z"}},"entity":{"wml_model":{"data_asset_dependencies":["c8953af2-2a8c-4821-a2f0-1354fa102784"],"hybrid_pipeline_software_specs":[{"base_id":"da9b39c3-758c-5a4f-9cfd-457dd4d8c395","name":"autoai-kb_3.4-py3.8"}],"label_column":"label","pipeline":{"id":"8e9c1b68-f4f2-43c6-8857-1bd94af7b421"},"metrics":[{"context":{"classes":["apple","banana","blackgram","chickpea","coconut","coffee","cotton","grapes","jute","kidneybeans","lentil","maize","mango","mothbeans","mungbean","muskmelon","orange","papaya","pigeonpeas","pomegranate","rice","watermelon"],"features_importance":[{"computation_type":"","features":{"N":0.71,"NewFeature_1_sum(K__product(P__K))":0.17,"NewFeature_2_sum(temperature__product(P__K))":0.14,"NewFeature_6_sum(product(P__K)__product(K__humidity))":0.35,"ph":0,"K":0.7,"NewFeature_7_sum(product(P__K)__product(K__ph))":0.12,"NewFeature_5_sum(rainfall__product(P__K))":0.2,"temperature":0.06,"humidity":1,"NewFeature_4_sum(ph__product(P__K))":0.11,"rainfall":0.63,"P":0.39,"NewFeature_3_sum(humidity__product(P__K))":0.11,"NewFeature_0_product(P__K)":0.12},"stage":"Mean"}],"intermediate_model":{"composition_steps":["Split_TrainingHoldout","TrainingDataset_full_1980_7","Text_FE","TrainingDataset_full_1980_7","Preprocessor_default","DAUB","hpo_d","cognito"],"duration":71132,"location":{"model":"auto_ml/ced4463f-1d91-4c49-a51b-5f3860bdb0ae/wml_data/a7fbba0d-1bd3-45e9-88ad-d88c1861305c/data/automl/cognito_output/Pipeline5/model.pickle","pipeline":"auto_ml/ced4463f-1d91-4c49-a51b-5f3860bdb0ae/wml_data/a7fbba0d-1bd3-45e9-88ad-d88c1861305c/data/automl/cognito_output/Pipeline5/pipeline.json","pipeline_model":"auto_ml/ced4463f-1d91-4c49-a51b-5f3860bdb0ae/wml_data/a7fbba0d-1bd3-45e9-88ad-d88c1861305c/data/automl/cognito_output/Pipeline5/pipeline-model.json"},"name":"P7","notebook_location":"auto_ml/ced4463f-1d91-4c49-a51b-5f3860bdb0ae/wml_data/a7fbba0d-1bd3-45e9-88ad-d88c1861305c/data/automl/cognito_output/Pipeline5/notebook.ipynb","pipeline_nodes":["PreprocessingTransformer","autoai_libs.cognito.transforms.transform_utils.product","autoai_libs.cognito.transforms.transform_utils.FS1","autoai_libs.cognito.transforms.transform_utils.sum","autoai_libs.cognito.transforms.transform_utils.FS1","ExtraTreesClassifier"],"process":"cognito_output","schema_location":"auto_ml/ced4463f-1d91-4c49-a51b-5f3860bdb0ae/wml_data/a7fbba0d-1bd3-45e9-88ad-d88c1861305c/data/automl/cognito_output/Pipeline5/schema.json"},"multi_class_classification":{"one_vs_all_location":"auto_ml/ced4463f-1d91-4c49-a51b-5f3860bdb0ae/wml_data/a7fbba0d-1bd3-45e9-88ad-d88c1861305c/data/automl/cognito_output/Pipeline5/one_vs_all.json"},"phase":"cognito_output","target_column":"label"},"ml_metrics":{"training_precision_weighted":0.9892235929785337,"holdout_f1_weighted":0.9863294600136705,"holdout_f1_macro":0.9863294600136707,"holdout_recall_micro":0.9863636363636363,"training_precision_macro":0.9892235929785338,"training_recall_micro":0.9886363636363636,"training_precision_micro":0.9886363636363636,"training_neg_log_loss":-0.44440785951596623,"holdout_recall_macro":0.9863636363636363,"holdout_neg_log_loss":-0.4482383034454491,"training_f1_macro":0.9885712274582921,"training_recall_weighted":0.9886363636363636,"holdout_precision_macro":0.9876033057851241,"holdout_precision_weighted":0.987603305785124,"holdout_recall_weighted":0.9863636363636363,"holdout_accuracy":0.9863636363636363,"holdout_f1_micro":0.9863636363636363,"training_f1_micro":0.9886363636363636,"holdout_precision_micro":0.9863636363636363,"training_recall_macro":0.9886363636363636,"training_accuracy":0.9886363636363636,"training_f1_weighted":0.988571227458292},"timestamp":"2022-01-14T10:21:02.000Z"}],"ml_version":"4.0.12","type":"wml-hybrid_0.1","schemas":{"input":[{"fields":[{"name":"N","type":"integer"},{"name":"P","type":"integer"},{"name":"K","type":"integer"},{"name":"temperature","type":"double"},{"name":"humidity","type":"double"},{"name":"ph","type":"double"},{"name":"rainfall","type":"double"}],"id":"auto_ai_kb_input_schema"}],"output":[]},"content_location":{"connection":{},"contents":[{"content_format":"pipeline-node","file_name":"P7_automl.zip","location":"auto_ml/ced4463f-1d91-4c49-a51b-5f3860bdb0ae/wml_data/a7fbba0d-1bd3-45e9-88ad-d88c1861305c/assets/a7fbba0d-1bd3-45e9-88ad-d88c1861305c_P7_cognito_output/resources/wml_model/P7_automl.zip","pipeline_node_id":"automl"},{"content_format":"native","file_name":"pipeline_model.json","location":"auto_ml/ced4463f-1d91-4c49-a51b-5f3860bdb0ae/wml_data/a7fbba0d-1bd3-45e9-88ad-d88c1861305c/assets/a7fbba0d-1bd3-45e9-88ad-d88c1861305c_P7_cognito_output/resources/wml_model/pipeline_model.json"}],"location":{"path":"auto_ml/ced4463f-1d91-4c49-a51b-5f3860bdb0ae/wml_data","notebooks_path":"auto_ml/ced4463f-1d91-4c49-a51b-5f3860bdb0ae/wml_data/a7fbba0d-1bd3-45e9-88ad-d88c1861305c/notebooks","training":"auto_ml/ced4463f-1d91-4c49-a51b-5f3860bdb0ae/wml_data/a7fbba0d-1bd3-45e9-88ad-d88c1861305c","training_status":"auto_ml/ced4463f-1d91-4c49-a51b-5f3860bdb0ae/wml_data/a7fbba0d-1bd3-45e9-88ad-d88c1861305c/training-status.json","assets_path":"auto_ml/ced4463f-1d91-4c49-a51b-5f3860bdb0ae/wml_data/a7fbba0d-1bd3-45e9-88ad-d88c1861305c/assets"},"type":"container"},"training_data_references":[{"connection":{},"id":"Crop_recommendation (1).csv","location":{"href":"/v2/assets/c8953af2-2a8c-4821-a2f0-1354fa102784?project_id=09c442d5-eee2-4f52-a362-52f892e93a28","id":"c8953af2-2a8c-4821-a2f0-1354fa102784","userfs":"false"},"schema":{"fields":[{"name":"N","type":"integer"},{"name":"P","type":"integer"},{"name":"K","type":"integer"},{"name":"temperature","type":"double"},{"name":"humidity","type":"double"},{"name":"ph","type":"double"},{"name":"rainfall","type":"double"},{"name":"label","type":"other"}],"id":"auto_ai_kb_input_schema"},"type":"data_asset"}],"software_spec":{"base_id":"8c1a58c6-62b5-4dc4-987a-df751c2756b6","name":"hybrid_0.1"},"content_import_state":"completed"},"modelfacts_system":{"model_information":{"model_type":"wml-hybrid_0.1","input_type":"","algorithm":"","prediction_type":"classification","software_spec":"hybrid_0.1","software_spec_id":"8c1a58c6-62b5-4dc4-987a-df751c2756b6"},"training_information":{"project_name":"crop-pred","training_data_references":[{"connection":{},"id":"Crop_recommendation (1).csv","location":{"href":"/v2/assets/c8953af2-2a8c-4821-a2f0-1354fa102784?project_id=09c442d5-eee2-4f52-a362-52f892e93a28","id":"c8953af2-2a8c-4821-a2f0-1354fa102784","userfs":"false"},"type":"data_asset"}],"hyper_parameters":"","hybrid_pipeline":[{"name":"autoai-kb_3.4-py3.8","id":"da9b39c3-758c-5a4f-9cfd-457dd4d8c395"}],"features":7}},"modelfacts_user":{}},"attachments":[{"id":"861e400c-ca2a-47ec-8edb-8a49f7ca1a16","version":2,"asset_type":"wml_model","name":"P7_automl.zip","datasource_type":"193a97c1-4475-4a19-b90c-295c4fdc6517","object_key":"a6c671f8-67ab-4ac8-af35-c7f452488f27/ca5b0ec1-14a9-4822-8628-54b9cf821a5a/3bbcc54f-1e7c-43d7-bb56-8bf290003cd0","creator_id":"iam-ServiceId-f49c5558-c247-4983-a04f-7d3c7a3d55da","create_time":1642394329937,"size":157288,"is_remote":false,"is_managed":false,"is_referenced":true,"is_object_key_read_only":false,"is_user_provided_path_key":true,"transfer_complete":true,"is_partitioned":false,"complete_time_ticks":1642394329937,"user_data":{"content_format":"pipeline-node","pipeline_node_id":"automl"},"test_doc":0,"handle":{"bucket":"filetest-donotdelete-pr-giqb9io9ovlx5a","location":"eu-geo","key":"a6c671f8-67ab-4ac8-af35-c7f452488f27/ca5b0ec1-14a9-4822-8628-54b9cf821a5a/3bbcc54f-1e7c-43d7-bb56-8bf290003cd0","upload_id":"done","max_part_num":1},"usage":{"access_count":0,"last_accessor_id":"iam-ServiceId-f49c5558-c247-4983-a04f-7d3c7a3d55da","last_access_time":1642394329937}},{"id":"499384b8-1f87-4c8d-b8a0-68b9dd67cf3b","version":2,"asset_type":"wml_model","name":"pipeline_model.json","datasource_type":"193a97c1-4475-4a19-b90c-295c4fdc6517","object_key":"a6c671f8-67ab-4ac8-af35-c7f452488f27/ca5b0ec1-14a9-4822-8628-54b9cf821a5a/7d34690e-b12a-42fd-a5b2-4217bd0000ff","creator_id":"iam-ServiceId-f49c5558-c247-4983-a04f-7d3c7a3d55da","create_time":1642394330644,"size":1580,"is_remote":false,"is_managed":false,"is_referenced":true,"is_object_key_read_only":false,"is_user_provided_path_key":true,"transfer_complete":true,"is_partitioned":false,"complete_time_ticks":1642394330644,"user_data":{"content_format":"native"},"test_doc":0,"handle":{"bucket":"filetest-donotdelete-pr-giqb9io9ovlx5a","location":"eu-geo","key":"a6c671f8-67ab-4ac8-af35-c7f452488f27/ca5b0ec1-14a9-4822-8628-54b9cf821a5a/7d34690e-b12a-42fd-a5b2-4217bd0000ff","upload_id":"done","max_part_num":1},"usage":{"access_count":0,"last_accessor_id":"iam-ServiceId-f49c5558-c247-4983-a04f-7d3c7a3d55da","last_access_time":1642394330644}}]}
